Date,Team
20181017,Cha
20181017,Mil
20181017,Det
20181017,Bkn
20181017,Ind
20181017,Mem
20181017,Orl
20181017,Mia
20181017,NYK
20181017,Atl
20181017,Tor
20181017,Cle
20181017,Hou
20181017,Nor
20181017,SAS
20181017,Min
20181017,Sac
20181017,Uta
20181017,LAC
20181017,Den
20181017,Pho
20181017,Dal
20181018,Phi
20181018,Chi
20181018,Was
20181018,Mia
20181018,Por
20181018,LAL
20181019,Orl
20181019,Cha
20181019,Bkn
20181019,NYK
20181019,Mem
20181019,Atl
20181019,Min
20181019,Cle
20181019,Nor
20181019,Sac
20181019,Tor
20181019,Bos
20181019,Mil
20181019,Ind
20181019,LAC
20181019,OKC
20181019,Uta
20181019,GSW
20181020,Ind
20181020,Bkn
20181020,Was
20181020,Tor
20181020,NYK
20181020,Bos
20181020,Phi
20181020,Orl
20181020,Chi
20181020,Det
20181020,Mia
20181020,Cha
20181020,Dal
20181020,Min
20181020,Den
20181020,Pho
20181020,Por
20181020,SAS
20181020,LAL
20181020,Hou
20181021,Cle
20181021,Atl
20181021,OKC
20181021,Sac
20181021,Den
20181021,GSW
20181021,LAC
20181021,Hou
20181022,Bos
20181022,Orl
20181022,Tor
20181022,Cha
20181022,Mil
20181022,NYK
20181022,Min
20181022,Ind
20181022,Dal
20181022,Chi
20181022,Uta
20181022,Mem
20181022,Por
20181022,Was
20181022,GSW
20181022,Pho
20181022,LAL
20181022,SAS
20181023,Det
20181023,Phi
20181023,Nor
20181023,LAC
20181023,Den
20181023,Sac
20181024,Atl
20181024,Dal
20181024,Cle
20181024,Bkn
20181024,Mia
20181024,NYK
20181024,Tor
20181024,Min
20181024,Chi
20181024,Cha
20181024,Hou
20181024,Uta
20181024,SAS
20181024,Ind
20181024,Mil
20181024,Phi
20181024,Pho
20181024,LAL
20181024,Sac
20181024,Mem
20181024,GSW
20181024,Was
20181025,Det
20181025,Cle
20181025,Orl
20181025,Por
20181025,OKC
20181025,Bos
20181025,LAL
20181025,Den
20181026,Cha
20181026,Chi
20181026,NYK
20181026,GSW
20181026,Tor
20181026,Dal
20181026,Hou
20181026,LAC
20181026,Min
20181026,Mil
20181026,Nor
20181026,Bkn
20181026,Sac
20181026,Was
20181027,Det
20181027,Bos
20181027,Nor
20181027,Uta
20181027,Atl
20181027,Chi
20181027,Cle
20181027,Ind
20181027,Phi
20181027,Cha
20181027,Mem
20181027,Pho
20181027,Mia
20181027,Por
20181027,Mil
20181027,Orl
20181027,SAS
20181027,LAL
20181028,Bkn
20181028,GSW
20181028,Dal
20181028,Uta
20181028,OKC
20181028,Pho
20181028,LAC
20181028,Was
20181029,Ind
20181029,Por
20181029,Phi
20181029,Atl
20181029,Mia
20181029,Sac
20181029,NYK
20181029,Bkn
20181029,Chi
20181029,GSW
20181029,Mil
20181029,Tor
20181029,Min
20181029,LAL
20181029,SAS
20181029,Dal
20181029,Den
20181029,Nor
20181030,Cha
20181030,Mia
20181030,Cle
20181030,Atl
20181030,Orl
20181030,Sac
20181030,Bos
20181030,Det
20181030,Tor
20181030,Phi
20181030,Hou
20181030,Por
20181030,Mem
20181030,Was
20181030,OKC
20181030,LAC
20181031,Bkn
20181031,Det
20181031,Chi
20181031,Den
20181031,Min
20181031,Uta
20181031,NYK
20181031,Ind
20181031,GSW
20181031,Nor
20181031,LAL
20181031,Dal
20181031,Pho
20181031,SAS
20181101,Cha
20181101,OKC
20181101,Cle
20181101,Den
20181101,Phi
20181101,LAC
20181101,Atl
20181101,Sac
20181101,Bos
20181101,Mil
20181101,Por
20181101,Nor
20181102,Orl
20181102,LAC
20181102,Bkn
20181102,Hou
20181102,Chi
20181102,Ind
20181102,Was
20181102,OKC
20181102,Dal
20181102,NYK
20181102,Uta
20181102,Mem
20181102,Pho
20181102,Tor
20181102,GSW
20181102,Min
20181103,Phi
20181103,Det
20181103,Cha
20181103,Cle
20181103,Ind
20181103,Bos
20181103,Atl
20181103,Mia
20181103,Chi
20181103,Hou
20181103,SAS
20181103,Nor
20181103,Den
20181103,Uta
20181103,Por
20181103,LAL
20181104,Mil
20181104,Sac
20181104,Bkn
20181104,Phi
20181104,Was
20181104,NYK
20181104,SAS
20181104,Orl
20181104,Pho
20181104,Mem
20181104,Por
20181104,Min
20181104,LAL
20181104,Tor
20181105,Det
20181105,Mia
20181105,Ind
20181105,Hou
20181105,Orl
20181105,Cle
20181105,NYK
20181105,Chi
20181105,OKC
20181105,Nor
20181105,Den
20181105,Bos
20181105,Uta
20181105,Tor
20181105,GSW
20181105,Mem
20181105,LAC
20181105,Min
20181106,Cha
20181106,Atl
20181106,Dal
20181106,Was
20181106,Pho
20181106,Bkn
20181106,Por
20181106,Mil
20181107,Cle
20181107,OKC
20181107,Orl
20181107,Det
20181107,Atl
20181107,NYK
20181107,Mia
20181107,SAS
20181107,Ind
20181107,Phi
20181107,Mem
20181107,Den
20181107,Nor
20181107,Chi
20181107,Uta
20181107,Dal
20181107,Sac
20181107,Tor
20181107,LAL
20181107,Min
20181108,OKC
20181108,Hou
20181108,Pho
20181108,Bos
20181108,Por
20181108,LAC
20181108,GSW
20181108,Mil
20181109,Orl
20181109,Was
20181109,Phi
20181109,Cha
20181109,Atl
20181109,Det
20181109,Mia
20181109,Ind
20181109,Den
20181109,Bkn
20181109,Uta
20181109,Bos
20181109,Sac
20181109,Min
20181110,Tor
20181110,NYK
20181110,LAC
20181110,Mil
20181110,Nor
20181110,Pho
20181110,Chi
20181110,Cle
20181110,Mem
20181110,Phi
20181110,Mia
20181110,Was
20181110,GSW
20181110,Bkn
20181110,SAS
20181110,Hou
20181110,Dal
20181110,OKC
20181110,Sac
20181110,LAL
20181111,Det
20181111,Cha
20181111,Hou
20181111,Ind
20181111,NYK
20181111,Orl
20181111,Den
20181111,Mil
20181111,Por
20181111,Bos
20181111,LAL
20181111,Atl
20181112,Was
20181112,Orl
20181112,Mia
20181112,Phi
20181112,Tor
20181112,Nor
20181112,Chi
20181112,Dal
20181112,Mem
20181112,Uta
20181112,Min
20181112,Bkn
20181112,OKC
20181112,Pho
20181112,Sac
20181112,SAS
20181112,LAC
20181112,GSW
20181113,Cle
20181113,Cha
20181113,Den
20181113,Hou
20181113,GSW
20181113,Atl
20181114,Orl
20181114,Phi
20181114,Was
20181114,Cle
20181114,Bos
20181114,Chi
20181114,Bkn
20181114,Mia
20181114,Tor
20181114,Det
20181114,Mil
20181114,Mem
20181114,Min
20181114,Nor
20181114,OKC
20181114,NYK
20181114,Dal
20181114,Uta
20181114,Pho
20181114,SAS
20181114,LAL
20181114,Por
20181115,Hou
20181115,GSW
20181115,Den
20181115,Atl
20181115,LAC
20181115,SAS
20181116,Bos
20181116,Tor
20181116,Ind
20181116,Mia
20181116,Phi
20181116,Uta
20181116,Was
20181116,Bkn
20181116,Mem
20181116,Sac
20181116,Min
20181116,Por
20181116,Nor
20181116,NYK
20181116,Mil
20181116,Chi
20181117,Bkn
20181117,LAC
20181117,Cha
20181117,Phi
20181117,Ind
20181117,Atl
20181117,Nor
20181117,Den
20181117,Orl
20181117,LAL
20181117,Bos
20181117,Uta
20181117,Chi
20181117,Tor
20181117,Hou
20181117,Sac
20181117,Dal
20181117,GSW
20181117,Pho
20181117,OKC
20181118,Min
20181118,Mem
20181118,Mia
20181118,LAL
20181118,Orl
20181118,NYK
20181118,Was
20181118,Por
20181118,SAS
20181118,GSW
20181119,Cha
20181119,Bos
20181119,Det
20181119,Cle
20181119,Ind
20181119,Uta
20181119,Phi
20181119,Pho
20181119,Atl
20181119,LAC
20181119,Mem
20181119,Dal
20181119,Mil
20181119,Den
20181119,Nor
20181119,SAS
20181119,Sac
20181119,OKC
20181120,Orl
20181120,Tor
20181120,Was
20181120,LAC
20181120,Mia
20181120,Bkn
20181120,NYK
20181120,Por
20181121,Cha
20181121,Ind
20181121,Phi
20181121,Nor
20181121,Atl
20181121,Tor
20181121,Bos
20181121,NYK
20181121,Chi
20181121,Pho
20181121,Cle
20181121,LAL
20181121,Hou
20181121,Det
20181121,Mil
20181121,Por
20181121,Min
20181121,Den
20181121,Dal
20181121,Bkn
20181121,SAS
20181121,Mem
20181121,Uta
20181121,Sac
20181121,GSW
20181121,OKC
20181123,Bkn
20181123,Min
20181123,LAC
20181123,Mem
20181123,Det
20181123,Hou
20181123,Atl
20181123,Bos
20181123,NYK
20181123,Nor
20181123,Phi
20181123,Cle
20181123,Tor
20181123,Was
20181123,Chi
20181123,Mia
20181123,Ind
20181123,SAS
20181123,OKC
20181123,Cha
20181123,Mil
20181123,Pho
20181123,Den
20181123,Orl
20181123,GSW
20181123,Por
20181123,LAL
20181123,Uta
20181124,Cle
20181124,Hou
20181124,Min
20181124,Chi
20181124,OKC
20181124,Den
20181124,Was
20181124,Nor
20181124,Dal
20181124,Bos
20181124,GSW
20181124,Sac
20181124,Mil
20181124,SAS
20181125,LAL
20181125,Orl
20181125,Det
20181125,Pho
20181125,Atl
20181125,Cha
20181125,Bkn
20181125,Phi
20181125,Mem
20181125,NYK
20181125,Tor
20181125,Mia
20181125,Sac
20181125,Uta
20181125,Por
20181125,LAC
20181126,Cha
20181126,Mil
20181126,Cle
20181126,Min
20181126,Was
20181126,Hou
20181126,Chi
20181126,SAS
20181126,Nor
20181126,Bos
20181126,Uta
20181126,Ind
20181126,GSW
20181126,Orl
20181127,Det
20181127,NYK
20181127,Mia
20181127,Atl
20181127,Mem
20181127,Tor
20181127,Den
20181127,LAL
20181127,Pho
20181127,Ind
20181128,Cha
20181128,Atl
20181128,Phi
20181128,NYK
20181128,Bkn
20181128,Uta
20181128,Hou
20181128,Dal
20181128,Mil
20181128,Chi
20181128,Min
20181128,SAS
20181128,Nor
20181128,Was
20181128,OKC
20181128,Cle
20181128,Por
20181128,Orl
20181128,LAC
20181128,Pho
20181129,Tor
20181129,GSW
20181129,LAL
20181129,Ind
20181129,Sac
20181129,LAC
20181130,Bos
20181130,Cle
20181130,Cha
20181130,Uta
20181130,Det
20181130,Chi
20181130,Phi
20181130,Was
20181130,Bkn
20181130,Mem
20181130,Mia
20181130,Nor
20181130,OKC
20181130,Atl
20181130,SAS
20181130,Hou
20181130,Pho
20181130,Orl
20181130,LAL
20181130,Dal
20181130,Por
20181130,Den
20181201,NYK
20181201,Mil
20181201,Det
20181201,GSW
20181201,Was
20181201,Bkn
20181201,Cle
20181201,Tor
20181201,Hou
20181201,Chi
20181201,Min
20181201,Bos
20181201,Sac
20181201,Ind
20181202,LAL
20181202,Pho
20181202,Cha
20181202,Nor
20181202,Mia
20181202,Uta
20181202,Phi
20181202,Mem
20181202,Dal
20181202,LAC
20181202,SAS
20181202,Por
20181203,Det
20181203,OKC
20181203,Atl
20181203,GSW
20181203,Bkn
20181203,Cle
20181203,NYK
20181203,Was
20181203,Tor
20181203,Den
20181203,Min
20181203,Hou
20181203,Nor
20181203,LAC
20181204,Ind
20181204,Chi
20181204,Mia
20181204,Orl
20181204,Dal
20181204,Por
20181204,Pho
20181204,Sac
20181204,Uta
20181204,SAS
20181205,Cle
20181205,GSW
20181205,Orl
20181205,Den
20181205,Atl
20181205,Was
20181205,Bkn
20181205,OKC
20181205,Mem
20181205,LAC
20181205,Mil
20181205,Det
20181205,Min
20181205,Cha
20181205,Nor
20181205,Dal
20181205,Tor
20181205,Phi
20181205,LAL
20181205,SAS
20181206,Bos
20181206,NYK
20181206,Por
20181206,Pho
20181206,Uta
20181206,Hou
20181207,Cha
20181207,Den
20181207,Det
20181207,Phi
20181207,Orl
20181207,Ind
20181207,Bkn
20181207,Tor
20181207,Cle
20181207,Sac
20181207,Chi
20181207,OKC
20181207,Nor
20181207,Mem
20181207,SAS
20181207,LAL
20181207,Pho
20181207,Mia
20181207,Mil
20181207,GSW
20181208,Dal
20181208,Hou
20181208,Ind
20181208,Sac
20181208,Atl
20181208,Den
20181208,Cle
20181208,Was
20181208,NYK
20181208,Bkn
20181208,Chi
20181208,Bos
20181208,Mem
20181208,LAL
20181208,Por
20181208,Min
20181208,LAC
20181208,Mia
20181209,Det
20181209,Nor
20181209,Tor
20181209,Mil
20181209,SAS
20181209,Uta
20181209,NYK
20181209,Cha
20181210,Ind
20181210,Was
20181210,Phi
20181210,Det
20181210,Bos
20181210,Nor
20181210,Chi
20181210,Sac
20181210,Mil
20181210,Cle
20181210,OKC
20181210,Uta
20181210,Dal
20181210,Orl
20181210,Den
20181210,Mem
20181210,Pho
20181210,LAC
20181210,GSW
20181210,Min
20181210,LAL
20181210,Mia
20181211,Hou
20181211,Por
20181211,SAS
20181211,Pho
20181211,LAC
20181211,Tor
20181212,Cha
20181212,Det
20181212,Cle
20181212,NYK
20181212,Ind
20181212,Mil
20181212,Phi
20181212,Bkn
20181212,Was
20181212,Bos
20181212,Mem
20181212,Por
20181212,Nor
20181212,OKC
20181212,Dal
20181212,Atl
20181212,Uta
20181212,Mia
20181212,Sac
20181212,Min
20181212,GSW
20181212,Tor
20181213,Hou
20181213,LAL
20181213,SAS
20181213,LAC
20181213,Orl
20181213,Chi
20181213,Pho
20181213,Dal
20181214,Bos
20181214,Atl
20181214,Cha
20181214,NYK
20181214,Bkn
20181214,Was
20181214,Cle
20181214,Mil
20181214,Phi
20181214,Ind
20181214,Mem
20181214,Mia
20181214,Den
20181214,OKC
20181214,Por
20181214,Tor
20181214,Sac
20181214,GSW
20181215,Orl
20181215,Uta
20181215,Cha
20181215,LAL
20181215,Det
20181215,Bos
20181215,Mem
20181215,Hou
20181215,SAS
20181215,Chi
20181215,OKC
20181215,LAC
20181215,Pho
20181215,Min
20181216,Bkn
20181216,Atl
20181216,Cle
20181216,Phi
20181216,Ind
20181216,NYK
20181216,Was
20181216,LAL
20181216,Dal
20181216,Sac
20181216,Nor
20181216,Mia
20181216,Den
20181216,Tor
20181217,Det
20181217,Mil
20181217,NYK
20181217,Pho
20181217,Hou
20181217,Uta
20181217,Min
20181217,Sac
20181217,OKC
20181217,Chi
20181217,SAS
20181217,Phi
20181217,GSW
20181217,Mem
20181217,LAC
20181217,Por
20181218,Ind
20181218,Cle
20181218,Atl
20181218,Was
20181218,Bkn
20181218,LAL
20181218,Den
20181218,Dal
20181219,Cha
20181219,Cle
20181219,Orl
20181219,SAS
20181219,Phi
20181219,NYK
20181219,Bos
20181219,Pho
20181219,Tor
20181219,Ind
20181219,Chi
20181219,Bkn
20181219,Hou
20181219,Was
20181219,Mil
20181219,Nor
20181219,Min
20181219,Det
20181219,Uta
20181219,GSW
20181219,Por
20181219,Mem
20181219,Sac
20181219,OKC
20181220,Mia
20181220,Hou
20181220,LAC
20181220,Dal
20181221,Cha
20181221,Det
20181221,Tor
20181221,Cle
20181221,Bkn
20181221,Ind
20181221,NYK
20181221,Atl
20181221,Bos
20181221,Mil
20181221,Chi
20181221,Orl
20181221,SAS
20181221,Min
20181221,Por
20181221,Uta
20181221,Sac
20181221,Mem
20181221,LAL
20181221,Nor
20181222,LAC
20181222,Den
20181222,Was
20181222,Pho
20181222,Phi
20181222,Tor
20181222,Hou
20181222,SAS
20181222,Mia
20181222,Mil
20181222,GSW
20181222,Dal
20181222,Uta
20181222,OKC
20181223,Det
20181223,Atl
20181223,Ind
20181223,Was
20181223,Bos
20181223,Cha
20181223,Bkn
20181223,Pho
20181223,Cle
20181223,Chi
20181223,Orl
20181223,Mia
20181223,Sac
20181223,Nor
20181223,OKC
20181223,Min
20181223,GSW
20181223,LAC
20181223,Por
20181223,Dal
20181223,LAL
20181223,Mem
20181225,NYK
20181225,Mil
20181225,Hou
20181225,OKC
20181225,Bos
20181225,Phi
20181225,GSW
20181225,LAL
20181225,Uta
20181225,Por
20181226,Det
20181226,Was
20181226,Orl
20181226,Pho
20181226,Atl
20181226,Ind
20181226,Bkn
20181226,Cha
20181226,Mia
20181226,Tor
20181226,Chi
20181226,Min
20181226,Mem
20181226,Cle
20181226,Dal
20181226,Nor
20181226,SAS
20181226,Den
20181226,LAC
20181226,Sac
20181227,Hou
20181227,Bos
20181227,Mil
20181227,NYK
20181227,Sac
20181227,LAL
20181227,GSW
20181227,Por
20181227,Uta
20181227,Phi
20181228,Cha
20181228,Bkn
20181228,Ind
20181228,Det
20181228,Orl
20181228,Tor
20181228,Was
20181228,Chi
20181228,Mia
20181228,Cle
20181228,Min
20181228,Atl
20181228,Nor
20181228,Dal
20181228,Den
20181228,SAS
20181228,Pho
20181228,OKC
20181228,LAL
20181228,LAC
20181229,Mil
20181229,Bkn
20181229,Nor
20181229,Hou
20181229,Was
20181229,Cha
20181229,Atl
20181229,Cle
20181229,Mem
20181229,Bos
20181229,Uta
20181229,NYK
20181229,Pho
20181229,Den
20181229,Por
20181229,GSW
20181229,LAC
20181229,SAS
20181230,Orl
20181230,Det
20181230,Mia
20181230,Min
20181230,Tor
20181230,Chi
20181230,Dal
20181230,OKC
20181230,Por
20181230,Phi
20181230,LAL
20181230,Sac
20181231,Ind
20181231,Atl
20181231,Cha
20181231,Orl
20181231,Hou
20181231,Mem
20181231,SAS
20181231,Bos
20181231,Nor
20181231,Min
20181231,OKC
20181231,Dal
20181231,Pho
20181231,GSW
20190101,Tor
20190101,Uta
20190101,Mil
20190101,Det
20190101,Den
20190101,NYK
20190101,Sac
20190101,Por
20190101,LAC
20190101,Phi
20190102,Cha
20190102,Dal
20190102,Cle
20190102,Mia
20190102,Was
20190102,Atl
20190102,Bkn
20190102,Nor
20190102,Bos
20190102,Min
20190102,Chi
20190102,Orl
20190102,Mem
20190102,Det
20190102,Pho
20190102,Phi
20190102,LAL
20190102,OKC
20190103,SAS
20190103,Tor
20190103,Sac
20190103,Den
20190103,GSW
20190103,Hou
20190104,Cle
20190104,Uta
20190104,Bos
20190104,Dal
20190104,Chi
20190104,Ind
20190104,Mem
20190104,Bkn
20190104,Mia
20190104,Was
20190104,Min
20190104,Orl
20190104,Mil
20190104,Atl
20190104,Pho
20190104,LAC
20190104,LAL
20190104,NYK
20190104,Por
20190104,OKC
20190105,Den
20190105,Cha
20190105,Det
20190105,Uta
20190105,Phi
20190105,Dal
20190105,Cle
20190105,Nor
20190105,Mil
20190105,Tor
20190105,SAS
20190105,Mem
20190105,Por
20190105,Hou
20190105,Sac
20190105,GSW
20190106,Chi
20190106,Bkn
20190106,LAC
20190106,Orl
20190106,Min
20190106,LAL
20190106,Atl
20190106,Mia
20190106,OKC
20190106,Was
20190106,Tor
20190106,Ind
20190106,Pho
20190106,Cha
20190107,Det
20190107,SAS
20190107,Bos
20190107,Bkn
20190107,Hou
20190107,Den
20190107,Mil
20190107,Uta
20190107,Nor
20190107,Mem
20190107,Dal
20190107,LAL
20190107,Por
20190107,NYK
20190107,Sac
20190107,Orl
20190108,Cle
20190108,Ind
20190108,Phi
20190108,Was
20190108,Mia
20190108,Den
20190108,Tor
20190108,Atl
20190108,OKC
20190108,Min
20190108,Pho
20190108,Sac
20190108,GSW
20190108,NYK
20190108,LAC
20190108,Cha
20190109,Bos
20190109,Ind
20190109,Was
20190109,Phi
20190109,Bkn
20190109,Atl
20190109,Hou
20190109,Mil
20190109,Mem
20190109,SAS
20190109,Nor
20190109,Cle
20190109,Dal
20190109,Pho
20190109,Uta
20190109,Orl
20190109,Por
20190109,Chi
20190109,LAL
20190109,Det
20190110,Mia
20190110,Bos
20190110,Den
20190110,LAC
20190110,SAS
20190110,OKC
20190110,Sac
20190110,Det
20190111,Phi
20190111,Atl
20190111,Was
20190111,Mil
20190111,NYK
20190111,Ind
20190111,Tor
20190111,Bkn
20190111,Hou
20190111,Cle
20190111,Min
20190111,Dal
20190111,Por
20190111,Cha
20190111,Uta
20190111,LAL
20190111,GSW
20190111,Chi
20190112,LAC
20190112,Det
20190112,Mia
20190112,Mem
20190112,Orl
20190112,Bos
20190112,Min
20190112,Nor
20190112,OKC
20190112,SAS
20190112,Pho
20190112,Den
20190112,Sac
20190112,Cha
20190112,Uta
20190112,Chi
20190113,NYK
20190113,Phi
20190113,Was
20190113,Tor
20190113,Atl
20190113,Mil
20190113,Orl
20190113,Hou
20190113,Dal
20190113,GSW
20190113,Den
20190113,Por
20190113,LAL
20190113,Cle
20190114,Bkn
20190114,Bos
20190114,Hou
20190114,Mem
20190114,SAS
20190114,Cha
20190114,Uta
20190114,Det
20190114,Sac
20190114,Por
20190114,LAC
20190114,Nor
20190115,Ind
20190115,Pho
20190115,Phi
20190115,Min
20190115,Atl
20190115,OKC
20190115,Mil
20190115,Mia
20190115,Den
20190115,GSW
20190115,LAL
20190115,Chi
20190116,Det
20190116,Orl
20190116,Bos
20190116,Tor
20190116,Hou
20190116,Bkn
20190116,Mem
20190116,Mil
20190116,Dal
20190116,SAS
20190116,Por
20190116,Cle
20190116,GSW
20190116,Nor
20190116,LAC
20190116,Uta
20190117,Was
20190117,NYK
20190117,Cha
20190117,Sac
20190117,Ind
20190117,Phi
20190117,Tor
20190117,Pho
20190117,Den
20190117,Chi
20190117,OKC
20190117,LAL
20190118,Bos
20190118,Mem
20190118,Det
20190118,Mia
20190118,Orl
20190118,Bkn
20190118,Min
20190118,SAS
20190118,Uta
20190118,Cle
20190118,LAC
20190118,GSW
20190118,Por
20190118,Nor
20190119,Phi
20190119,OKC
20190119,Cha
20190119,Pho
20190119,Det
20190119,Sac
20190119,Ind
20190119,Dal
20190119,Orl
20190119,Mil
20190119,Atl
20190119,Bos
20190119,Tor
20190119,Mem
20190119,Chi
20190119,Mia
20190119,Hou
20190119,LAL
20190119,Den
20190119,Cle
20190120,Ind
20190120,Cha
20190120,Min
20190120,Pho
20190120,SAS
20190120,LAC
20190121,NYK
20190121,OKC
20190121,Cle
20190121,Chi
20190121,Mil
20190121,Dal
20190121,Was
20190121,Det
20190121,Atl
20190121,Orl
20190121,Bkn
20190121,Sac
20190121,Mem
20190121,Nor
20190121,Bos
20190121,Mia
20190121,Phi
20190121,Hou
20190121,Uta
20190121,Por
20190121,LAL
20190121,GSW
20190122,Tor
20190122,Sac
20190122,OKC
20190122,Por
20190122,Dal
20190122,LAC
20190122,Pho
20190122,Min
20190123,Ind
20190123,Tor
20190123,Bos
20190123,Cle
20190123,Bkn
20190123,Orl
20190123,Mia
20190123,LAC
20190123,NYK
20190123,Hou
20190123,Chi
20190123,Atl
20190123,Mem
20190123,Cha
20190123,Nor
20190123,Det
20190123,Phi
20190123,SAS
20190123,Uta
20190123,Den
20190124,OKC
20190124,Nor
20190124,Was
20190124,GSW
20190124,Pho
20190124,Por
20190124,LAL
20190124,Min
20190125,Orl
20190125,Was
20190125,Bkn
20190125,NYK
20190125,Cle
20190125,Mia
20190125,Chi
20190125,LAC
20190125,Hou
20190125,Tor
20190125,Mem
20190125,Sac
20190125,Dal
20190125,Det
20190125,Mil
20190125,Cha
20190125,Den
20190125,Pho
20190125,Uta
20190125,Min
20190126,Nor
20190126,SAS
20190126,Mem
20190126,Ind
20190126,Bos
20190126,GSW
20190126,Den
20190126,Phi
20190126,Por
20190126,Atl
20190127,Chi
20190127,Cle
20190127,LAC
20190127,Sac
20190127,OKC
20190127,Mil
20190127,Dal
20190127,Tor
20190127,Hou
20190127,Orl
20190127,Min
20190127,Uta
20190127,SAS
20190127,Was
20190127,NYK
20190127,Mia
20190127,LAL
20190127,Pho
20190128,Cha
20190128,NYK
20190128,Ind
20190128,GSW
20190128,Bos
20190128,Bkn
20190128,Mem
20190128,Den
20190128,LAC
20190128,Atl
20190129,Cle
20190129,Was
20190129,Det
20190129,Mil
20190129,Orl
20190129,OKC
20190129,Bkn
20190129,Chi
20190129,Hou
20190129,Nor
20190129,SAS
20190129,Pho
20190129,LAL
20190129,Phi
20190130,Bos
20190130,Cha
20190130,Mia
20190130,Chi
20190130,NYK
20190130,Dal
20190130,Min
20190130,Mem
20190130,Nor
20190130,Den
20190130,Was
20190130,Ind
20190130,Sac
20190130,Atl
20190130,Por
20190130,Uta
20190131,Det
20190131,Dal
20190131,Orl
20190131,Ind
20190131,Tor
20190131,Mil
20190131,SAS
20190131,Bkn
20190131,GSW
20190131,Phi
20190131,LAC
20190131,LAL
20190201,Cha
20190201,Mem
20190201,NYK
20190201,Bos
20190201,Mia
20190201,OKC
20190201,Uta
20190201,Atl
20190201,Den
20190201,Hou
20190202,Det
20190202,LAC
20190202,Cha
20190202,Chi
20190202,Orl
20190202,Bkn
20190202,Was
20190202,Mil
20190202,Cle
20190202,Dal
20190202,Mia
20190202,Ind
20190202,GSW
20190202,LAL
20190202,SAS
20190202,Nor
20190202,Min
20190202,Den
20190202,Pho
20190202,Atl
20190202,Uta
20190202,Hou
20190202,Sac
20190202,Phi
20190203,NYK
20190203,Mem
20190203,Bos
20190203,OKC
20190203,Tor
20190203,LAC
20190204,Det
20190204,Den
20190204,Was
20190204,Atl
20190204,Bkn
20190204,Mil
20190204,Nor
20190204,Ind
20190204,Pho
20190204,Hou
20190204,Sac
20190204,SAS
20190205,Cha
20190205,LAC
20190205,Cle
20190205,Bos
20190205,Ind
20190205,LAL
20190205,NYK
20190205,Det
20190205,Mem
20190205,Min
20190205,OKC
20190205,Orl
20190205,Phi
20190205,Tor
20190205,Por
20190205,Mia
20190206,Bkn
20190206,Den
20190206,Chi
20190206,Nor
20190206,Mil
20190206,Was
20190206,Dal
20190206,Cha
20190206,Uta
20190206,Pho
20190206,Sac
20190206,Hou
20190206,GSW
20190206,SAS
20190207,Ind
20190207,LAC
20190207,Orl
20190207,Min
20190207,Atl
20190207,Tor
20190207,Bos
20190207,LAL
20190207,OKC
20190207,Mem
20190207,Por
20190207,SAS
20190208,Det
20190208,NYK
20190208,Phi
20190208,Den
20190208,Was
20190208,Cle
20190208,Bkn
20190208,Chi
20190208,Dal
20190208,Mil
20190208,Pho
20190208,GSW
20190208,Nor
20190208,Min
20190208,Sac
20190208,Mia
20190209,Uta
20190209,SAS
20190209,Ind
20190209,Cle
20190209,Atl
20190209,Cha
20190209,NYK
20190209,Tor
20190209,Bos
20190209,LAC
20190209,Chi
20190209,Was
20190209,Mem
20190209,Nor
20190209,Hou
20190209,OKC
20190209,Mil
20190209,Orl
20190210,Dal
20190210,Por
20190210,Phi
20190210,LAL
20190210,Sac
20190210,Pho
20190210,Atl
20190210,Orl
20190210,GSW
20190210,Mia
20190211,Cle
20190211,NYK
20190211,Det
20190211,Was
20190211,Ind
20190211,Cha
20190211,Tor
20190211,Bkn
20190211,Chi
20190211,Mil
20190211,Hou
20190211,Dal
20190211,Min
20190211,LAC
20190211,OKC
20190211,Por
20190211,Den
20190211,Mia
20190212,Atl
20190212,LAL
20190212,Mem
20190212,SAS
20190212,Nor
20190212,Orl
20190212,Phi
20190212,Bos
20190212,GSW
20190212,Uta
20190213,Cle
20190213,Bkn
20190213,Ind
20190213,Mil
20190213,Bos
20190213,Det
20190213,NYK
20190213,Phi
20190213,Tor
20190213,Was
20190213,Chi
20190213,Mem
20190213,Min
20190213,Hou
20190213,Dal
20190213,Mia
20190213,Den
20190213,Sac
20190213,LAC
20190213,Pho
20190213,Por
20190213,GSW
20190214,Orl
20190214,Cha
20190214,Atl
20190214,NYK
20190214,Nor
20190214,OKC
20190221,Cle
20190221,Pho
20190221,Phi
20190221,Mia
20190221,Bkn
20190221,Por
20190221,Mil
20190221,Bos
20190221,GSW
20190221,Sac
20190221,LAL
20190221,Hou
20190222,Cha
20190222,Was
20190222,Ind
20190222,Nor
20190222,Orl
20190222,Chi
20190222,Tor
20190222,SAS
20190222,Atl
20190222,Det
20190222,NYK
20190222,Min
20190222,Mem
20190222,LAC
20190222,Dal
20190222,Den
20190222,OKC
20190222,Uta
20190223,Phi
20190223,Por
20190223,Atl
20190223,Pho
20190223,Cha
20190223,Bkn
20190223,Cle
20190223,Mem
20190223,Nor
20190223,LAL
20190223,Was
20190223,Ind
20190223,Mia
20190223,Det
20190223,Chi
20190223,Bos
20190223,OKC
20190223,Sac
20190223,GSW
20190223,Hou
20190223,Mil
20190223,Min
20190223,Uta
20190223,Dal
20190224,Tor
20190224,Orl
20190224,Den
20190224,LAC
20190224,NYK
20190224,SAS
20190225,Cha
20190225,GSW
20190225,Cle
20190225,Por
20190225,Det
20190225,Ind
20190225,Bkn
20190225,SAS
20190225,Mia
20190225,Pho
20190225,Chi
20190225,Mil
20190225,Hou
20190225,Atl
20190225,Mem
20190225,LAL
20190225,Min
20190225,Sac
20190225,Nor
20190225,Phi
20190225,LAC
20190225,Dal
20190226,NYK
20190226,Orl
20190226,Tor
20190226,Bos
20190226,Den
20190226,OKC
20190227,Cha
20190227,Hou
20190227,Atl
20190227,Min
20190227,Bkn
20190227,Was
20190227,Mia
20190227,GSW
20190227,Bos
20190227,Por
20190227,Mem
20190227,Chi
20190227,Dal
20190227,Ind
20190227,SAS
20190227,Det
20190227,Uta
20190227,LAC
20190227,Sac
20190227,Mil
20190227,LAL
20190227,Nor
20190228,Ind
20190228,Min
20190228,Orl
20190228,GSW
20190228,NYK
20190228,Cle
20190228,Hou
20190228,Mia
20190228,OKC
20190228,Phi
20190228,Den
20190228,Uta
20190301,Atl
20190301,Chi
20190301,Bkn
20190301,Cha
20190301,Bos
20190301,Was
20190301,Tor
20190301,Por
20190301,Pho
20190301,Nor
20190301,Sac
20190301,LAC
20190301,LAL
20190301,Mil
20190302,Cle
20190302,Det
20190302,Ind
20190302,Orl
20190302,Mia
20190302,Bkn
20190302,Dal
20190302,Mem
20190302,Phi
20190302,GSW
20190302,SAS
20190302,OKC
20190302,Den
20190302,Nor
20190302,Pho
20190302,LAL
20190302,Uta
20190302,Mil
20190303,Cha
20190303,Por
20190303,Bos
20190303,Hou
20190303,Chi
20190303,Atl
20190303,LAC
20190303,NYK
20190303,Cle
20190303,Orl
20190303,Det
20190303,Tor
20190303,Was
20190303,Min
20190303,OKC
20190303,Mem
20190304,Bkn
20190304,Dal
20190304,Mia
20190304,Atl
20190304,SAS
20190304,Den
20190304,Pho
20190304,Mil
20190304,Uta
20190304,Nor
20190304,Sac
20190304,NYK
20190304,LAL
20190304,LAC
20190305,Ind
20190305,Chi
20190305,Phi
20190305,Orl
20190305,Mem
20190305,Por
20190305,Min
20190305,OKC
20190305,Tor
20190305,Hou
20190305,GSW
20190305,Bos
20190306,Cha
20190306,Mia
20190306,Det
20190306,Min
20190306,Was
20190306,Dal
20190306,Atl
20190306,SAS
20190306,Bkn
20190306,Cle
20190306,Chi
20190306,Phi
20190306,Nor
20190306,Uta
20190306,Pho
20190306,NYK
20190306,Sac
20190306,Bos
20190306,LAL
20190306,Den
20190307,Mil
20190307,Ind
20190307,Por
20190307,OKC
20190308,Cha
20190308,Was
20190308,Orl
20190308,Dal
20190308,Chi
20190308,Det
20190308,Hou
20190308,Phi
20190308,Mem
20190308,Uta
20190308,Mia
20190308,Cle
20190308,Nor
20190308,Tor
20190308,GSW
20190308,Den
20190308,LAC
20190308,OKC
20190309,NYK
20190309,Sac
20190309,Atl
20190309,Bkn
20190309,Min
20190309,Was
20190309,LAL
20190309,Bos
20190309,Mil
20190309,Cha
20190309,Por
20190309,Pho
20190310,Det
20190310,Chi
20190310,Mia
20190310,Tor
20190310,Phi
20190310,Ind
20190310,Atl
20190310,Nor
20190310,Mem
20190310,Orl
20190310,Dal
20190310,Hou
20190310,Min
20190310,NYK
20190310,SAS
20190310,Mil
20190310,GSW
20190310,Pho
20190311,Cle
20190311,Tor
20190311,Was
20190311,Sac
20190311,Bkn
20190311,Det
20190311,Hou
20190311,Cha
20190311,Uta
20190311,OKC
20190311,LAC
20190311,Bos
20190312,Ind
20190312,NYK
20190312,Phi
20190312,Cle
20190312,Chi
20190312,LAL
20190312,Dal
20190312,SAS
20190312,Nor
20190312,Mil
20190312,Den
20190312,Min
20190312,LAC
20190312,Por
20190313,OKC
20190313,Bkn
20190313,Was
20190313,Orl
20190313,Atl
20190313,Mem
20190313,Mia
20190313,Det
20190313,Hou
20190313,GSW
20190313,Pho
20190313,Uta
20190314,Ind
20190314,OKC
20190314,Orl
20190314,Cle
20190314,Bos
20190314,Sac
20190314,Tor
20190314,LAL
20190314,Uta
20190314,Min
20190314,Den
20190314,Dal
20190315,Det
20190315,LAL
20190315,Phi
20190315,Sac
20190315,Was
20190315,Cha
20190315,Hou
20190315,Pho
20190315,Mia
20190315,Mil
20190315,Nor
20190315,Por
20190315,SAS
20190315,NYK
20190315,LAC
20190315,Chi
20190316,Bos
20190316,Atl
20190316,Nor
20190316,Pho
20190316,Was
20190316,Mem
20190316,Dal
20190316,Cle
20190316,OKC
20190316,GSW
20190316,SAS
20190316,Por
20190316,Den
20190316,Ind
20190316,Uta
20190316,Bkn
20190317,NYK
20190317,LAL
20190317,Mia
20190317,Cha
20190317,Mil
20190317,Phi
20190317,Det
20190317,Tor
20190317,Orl
20190317,Atl
20190317,Sac
20190317,Chi
20190317,Hou
20190317,Min
20190317,LAC
20190317,Bkn
20190318,Cle
20190318,Det
20190318,Was
20190318,Uta
20190318,Bos
20190318,Den
20190318,Tor
20190318,NYK
20190318,OKC
20190318,Mia
20190318,SAS
20190318,GSW
20190318,Dal
20190318,Nor
20190318,Pho
20190318,Chi
20190318,Por
20190318,Ind
20190319,Cha
20190319,Phi
20190319,Atl
20190319,Hou
20190319,Mil
20190319,LAL
20190319,Min
20190319,GSW
20190319,Sac
20190319,Bkn
20190319,LAC
20190319,Ind
20190320,Cle
20190320,Mil
20190320,Orl
20190320,Nor
20190320,Phi
20190320,Bos
20190320,NYK
20190320,Uta
20190320,Chi
20190320,Was
20190320,Mem
20190320,Hou
20190320,SAS
20190320,Mia
20190320,OKC
20190320,Tor
20190320,Por
20190320,Dal
20190321,Cha
20190321,Min
20190321,Was
20190321,Den
20190321,Atl
20190321,Uta
20190321,Pho
20190321,Det
20190321,Sac
20190321,Dal
20190321,GSW
20190321,Ind
20190322,Orl
20190322,Mem
20190322,Cle
20190322,LAC
20190322,NYK
20190322,Den
20190322,Tor
20190322,OKC
20190322,Hou
20190322,SAS
20190322,Mil
20190322,Mia
20190322,LAL
20190322,Bkn
20190323,Cha
20190323,Bos
20190323,Was
20190323,Mia
20190323,Atl
20190323,Phi
20190323,Chi
20190323,Uta
20190323,Mem
20190323,Min
20190323,GSW
20190323,Dal
20190323,Por
20190323,Det
20190323,Sac
20190323,Pho
20190324,NYK
20190324,LAC
20190324,Mil
20190324,Cle
20190324,Ind
20190324,Den
20190324,Tor
20190324,Cha
20190324,Nor
20190324,Hou
20190324,Bos
20190324,SAS
20190324,GSW
20190324,Det
20190324,LAL
20190324,Sac
20190325,Orl
20190325,Phi
20190325,Mem
20190325,OKC
20190325,Uta
20190325,Pho
20190325,Por
20190325,Bkn
20190326,Cha
20190326,SAS
20190326,Cle
20190326,Bos
20190326,Mia
20190326,Orl
20190326,Tor
20190326,Chi
20190326,Mil
20190326,Hou
20190326,Min
20190326,LAC
20190326,Nor
20190326,Atl
20190326,Dal
20190326,Sac
20190326,Den
20190326,Det
20190326,LAL
20190326,Was
20190327,Chi
20190327,Por
20190327,Mem
20190327,GSW
20190327,OKC
20190327,Ind
20190327,Pho
20190327,Was
20190327,Uta
20190327,LAL
20190328,Det
20190328,Orl
20190328,Phi
20190328,Bkn
20190328,Mia
20190328,Dal
20190328,NYK
20190328,Tor
20190328,Hou
20190328,Den
20190328,Mil
20190328,LAC
20190328,Nor
20190328,Sac
20190328,SAS
20190328,Cle
20190329,Bos
20190329,Ind
20190329,Atl
20190329,Por
20190329,Min
20190329,GSW
20190329,OKC
20190329,Den
20190329,Uta
20190329,Was
20190329,LAL
20190329,Cha
20190330,LAC
20190330,Cle
20190330,Bkn
20190330,Bos
20190330,Hou
20190330,Sac
20190330,Det
20190330,Por
20190330,Ind
20190330,Orl
20190330,NYK
20190330,Mia
20190330,Chi
20190330,Tor
20190330,Min
20190330,Phi
20190330,Pho
20190330,Mem
20190331,Atl
20190331,Mil
20190331,OKC
20190331,Dal
20190331,Nor
20190331,LAL
20190331,SAS
20190331,Sac
20190331,Den
20190331,Was
20190331,GSW
20190331,Cha
20190331,LAC
20190331,Mem
20190401,Ind
20190401,Det
20190401,Bos
20190401,Mia
20190401,Bkn
20190401,Mil
20190401,NYK
20190401,Chi
20190401,Tor
20190401,Orl
20190401,Min
20190401,Por
20190401,Dal
20190401,Phi
20190401,Uta
20190401,Cha
20190401,Pho
20190401,Cle
20190402,OKC
20190402,LAL
20190402,SAS
20190402,Atl
20190402,Sac
20190402,Hou
20190402,GSW
20190402,Den
20190403,Det
20190403,Ind
20190403,Orl
20190403,NYK
20190403,Was
20190403,Chi
20190403,Atl
20190403,Phi
20190403,Bkn
20190403,Tor
20190403,Mia
20190403,Bos
20190403,Nor
20190403,Cha
20190403,Dal
20190403,Min
20190403,Den
20190403,SAS
20190403,Pho
20190403,Uta
20190403,Por
20190403,Mem
20190403,LAC
20190403,Hou
20190404,Phi
20190404,Mil
20190404,Sac
20190404,Cle
20190404,LAL
20190404,GSW
20190405,Cha
20190405,Tor
20190405,Orl
20190405,Atl
20190405,Was
20190405,SAS
20190405,Hou
20190405,NYK
20190405,Ind
20190405,Bos
20190405,Min
20190405,Mia
20190405,OKC
20190405,Det
20190405,Dal
20190405,Mem
20190405,Uta
20190405,Sac
20190405,Pho
20190405,Nor
20190405,Den
20190405,Por
20190405,GSW
20190405,Cle
20190405,LAC
20190405,LAL
20190406,Mil
20190406,Bkn
20190406,Chi
20190406,Phi
20190407,Tor
20190407,Mia
20190407,Cle
20190407,SAS
20190407,Min
20190407,OKC
20190407,Det
20190407,Cha
20190407,Ind
20190407,Bkn
20190407,Mem
20190407,Dal
20190407,Hou
20190407,Pho
20190407,Mil
20190407,Atl
20190407,Bos
20190407,Orl
20190407,NYK
20190407,Was
20190407,GSW
20190407,LAC
20190407,Por
20190407,Den
20190407,Sac
20190407,Nor
20190407,LAL
20190407,Uta
20190409,Cle
20190409,Cha
20190409,Det
20190409,Mem
20190409,Was
20190409,Bos
20190409,Mia
20190409,Phi
20190409,Chi
20190409,NYK
20190409,Min
20190409,Tor
20190409,Nor
20190409,GSW
20190409,Dal
20190409,Pho
20190409,Uta
20190409,Den
20190409,OKC
20190409,Hou
20190409,LAL
20190409,Por
20190410,Atl
20190410,Ind
20190410,Bkn
20190410,Mia
20190410,Cha
20190410,Orl
20190410,Mem
20190410,GSW
20190410,Mil
20190410,OKC
20190410,NYK
20190410,Det
20190410,Phi
20190410,Chi
20190410,SAS
20190410,Dal
20190410,Den
20190410,Min
20190410,LAC
20190410,Uta
20190410,Por
20190410,Sac
20190413,Phi
20190413,Bkn
20190413,Tor
20190413,Orl
20190413,GSW
20190413,LAC
20190413,Den
20190413,SAS
20190414,Bos
20190414,Ind
20190414,Por
20190414,OKC
20190414,Mil
20190414,Det
20190414,Hou
20190414,Uta
20190415,Phi
20190415,Bkn
20190415,GSW
20190415,LAC
20190416,Tor
20190416,Orl
20190416,Den
20190416,SAS
20190416,Por
20190416,OKC
20190417,Bos
20190417,Ind
20190417,Mil
20190417,Det
20190417,Hou
20190417,Uta
20190418,Bkn
20190418,Phi
20190418,SAS
20190418,Den
20190418,LAC
20190418,GSW
20190419,Orl
20190419,Tor
20190419,Ind
20190419,Bos
20190419,OKC
20190419,Por
20190420,Bkn
20190420,Phi
20190420,SAS
20190420,Den
20190420,Det
20190420,Mil
20190420,Uta
20190420,Hou
20190421,Ind
20190421,Bos
20190421,LAC
20190421,GSW
20190421,Orl
20190421,Tor
20190421,OKC
20190421,Por
20190422,Det
20190422,Mil
20190422,Uta
20190422,Hou
20190423,Tor
20190423,Orl
20190423,Phi
20190423,Bkn
20190423,Den
20190423,SAS
20190423,Por
20190423,OKC
20190424,Hou
20190424,Uta
20190424,GSW
20190424,LAC
20190425,SAS
20190425,Den
20190426,LAC
20190426,GSW
20190427,Tor
20190427,Phi
20190427,Den
20190427,SAS
20190428,Mil
20190428,Bos
20190428,GSW
20190428,Hou
20190429,Tor
20190429,Phi
20190429,Den
20190429,Por
20190430,Mil
20190430,Bos
20190430,GSW
20190430,Hou
20190501,Den
20190501,Por
20190502,Phi
20190502,Tor
20190503,Bos
20190503,Mil
20190503,Por
20190503,Den
20190504,Hou
20190504,GSW
20190505,Phi
20190505,Tor
20190505,Por
20190505,Den
20190506,Bos
20190506,Mil
20190506,Hou
20190506,GSW
20190507,Tor
20190507,Phi
20190507,Den
20190507,Por
20190508,Mil
20190508,Bos
20190508,GSW
20190508,Hou
20190509,Phi
20190509,Tor
20190509,Por
20190509,Den
20190510,Hou
20190510,GSW
20190512,Den
20190512,Por
20190512,Tor
20190512,Phi
20190514,GSW
20190514,Por
20190515,Mil
20190515,Tor
20190516,GSW
20190516,Por
20190517,Mil
20190517,Tor
20190518,Por
20190518,GSW
20190519,Tor
20190519,Mil
20190520,Por
20190520,GSW
20190521,Tor
20190521,Mil
20190523,Mil
20190523,Tor
20190525,Tor
20190525,Mil
20190530,Tor
20190530,GSW
20190602,Tor
20190602,GSW
20190605,GSW
20190605,Tor
20190607,GSW
20190607,Tor
20190610,Tor
20190610,GSW
